id,first_name,last_name,gender,email
1418466,Ludovika,Iddins,Female,liddins0@biglobe.ne.jp
739430,Archibald,Keeble,Male,akeeble1@techcrunch.com
814603,Kerri,Williment,Female,kwilliment2@amazonaws.com
1747067,Guntar,Kealy,Male,gkealy3@photobucket.com
1627327,Toiboid,Gaffney,Male,tgaffney4@msu.edu
1805396,Benedikt,McQuillen,Male,bmcquillen5@google.de
505307,Benedick,Blaes,Male,bblaes6@youtube.com
959441,Eveline,Glanz,Female,eglanz7@house.gov
631064,Crysta,O'Daly,Female,codaly8@weather.com
1677647,Durand,de Zamora,Male,ddezamora9@google.co.uk
2273503,Sandy,Ferrino,Female,sferrinoa@livejournal.com
732054,Adrien,Kerridge,Male,akerridgeb@utexas.edu
1544014,Gardener,Margaret,Male,gmargaretc@fema.gov
1494890,Horten,Cobson,Male,hcobsond@163.com
383919,Fernanda,MacTrustam,Female,fmactrustame@pinterest.com
891506,Nissa,Mazonowicz,Female,nmazonowiczf@umn.edu
1810589,Orelle,Pinchen,Female,opincheng@state.tx.us
2055037,Joannes,Tour,Female,jtourh@stumbleupon.com
875040,Farica,Isitt,Female,fisitti@chicagotribune.com
1629031,Earl,Scrane,Male,escranej@mapy.cz
1696477,Bendick,Innman,Male,binnmank@time.com
1046481,Clare,Eves,Male,cevesl@symantec.com
2176956,Salomi,O' Mullan,Female,somullanm@ucoz.com
1427230,Tam,Woolacott,Male,twoolacottn@ca.gov
1188908,Cathryn,Krzyzanowski,Female,ckrzyzanowskio@cyberchimps.com
1304635,Alberto,Schwanden,Male,aschwandenp@networksolutions.com
2199264,Maribel,Damp,Female,mdampq@bloglines.com
1292965,Lenette,Brydson,Female,lbrydsonr@unicef.org
1652306,Imogen,Dayly,Female,idaylys@europa.eu
949031,Elisha,Gillbee,Male,egillbeet@mail.ru
1987777,Margot,Oakenfull,Female,moakenfullu@timesonline.co.uk
1124210,Heywood,Polotti,Male,hpolottiv@webeden.co.uk
1898047,Hodge,Winspurr,Male,hwinspurrw@unblog.fr
607842,Raimondo,Jentle,Male,rjentlex@ask.com
2244315,Tracy,Tarver,Female,ttarvery@webnode.com
1382761,Mary,Lovewell,Female,mlovewellz@goo.ne.jp
1594529,Gilbertina,Scase,Female,gscase10@hatena.ne.jp
1145551,Ronalda,Giddins,Female,rgiddins11@gov.uk
589975,Kaila,Stirman,Female,kstirman12@hibu.com
1704266,Shelby,Cleere,Male,scleere13@dmoz.org
1252759,Stirling,Akram,Male,sakram14@dailymotion.com
1957350,Roddie,Wallworke,Male,rwallworke15@oakley.com
1369297,Gradeigh,Jellis,Male,gjellis16@freewebs.com
551226,Smitty,Millom,Male,smillom17@qq.com
342407,Balduin,Pendlebery,Male,bpendlebery18@apache.org
1512232,Katrinka,Spencook,Female,kspencook19@homestead.com
1314383,Jeffrey,Trumper,Male,jtrumper1a@craigslist.org
2055270,Lulu,Tombleson,Female,ltombleson1b@usda.gov
1881630,Veronique,Sulman,Female,vsulman1c@narod.ru
265714,Erinna,Kanwell,Female,ekanwell1d@auda.org.au
1834664,Jonathan,Eastlake,Male,jeastlake1e@wordpress.com
1530397,Kellyann,Fayers,Female,kfayers1f@yale.edu
773053,Hamlin,Bentinck,Male,hbentinck1g@livejournal.com
763468,Lethia,Enderson,Female,lenderson1h@qq.com
1009501,Mab,Muselli,Female,mmuselli1i@amazon.com
308924,Elene,Jecks,Female,ejecks1j@cam.ac.uk
1504454,Alessandra,Leaves,Female,aleaves1k@forbes.com
1002660,Thia,Maybury,Female,tmaybury1l@gravatar.com
2045441,Jacklin,Shelvey,Female,jshelvey1m@dion.ne.jp
770688,Waverley,Wraggs,Male,wwraggs1n@ibm.com
2096889,Guthrey,Charteris,Male,gcharteris1o@dyndns.org
351294,Daryn,Renihan,Female,drenihan1p@sourceforge.net
998618,Tabbitha,Camis,Female,tcamis1q@mashable.com
1554993,Bayard,Skinn,Male,bskinn1r@deviantart.com
1982574,Bobbe,Tanby,Female,btanby1s@drupal.org
2014255,Chaunce,MacClay,Male,cmacclay1t@cbsnews.com
1223217,Ingelbert,Dundin,Male,idundin1u@fda.gov
2311526,Jimmy,Pitcock,Male,jpitcock1v@craigslist.org
1483340,Paul,Langrick,Male,plangrick1w@addtoany.com
1370072,Jarred,Kinningley,Male,jkinningley1x@ox.ac.uk
817514,Christan,Tidridge,Female,ctidridge1y@telegraph.co.uk
251139,Tamar,Pitkaithly,Female,tpitkaithly1z@deliciousdays.com
1673470,Wayne,Swansborough,Male,wswansborough20@bluehost.com
881367,Silvana,Begley,Female,sbegley21@cdc.gov
1773057,Giorgio,Battyll,Male,gbattyll22@diigo.com
1528664,Kamillah,Chillingsworth,Female,kchillingsworth23@msu.edu
1840411,Floyd,Peacey,Male,fpeacey24@soundcloud.com
1596863,Edvard,Vegas,Male,evegas25@freewebs.com
816033,Edith,Choppin,Female,echoppin26@livejournal.com
2048339,Emogene,Partrick,Female,epartrick27@newyorker.com
495274,Marcellus,Beecraft,Male,mbeecraft28@blogtalkradio.com
1282184,Susann,Hymor,Female,shymor29@geocities.jp
268903,Pietrek,Abdy,Male,pabdy2a@360.cn
1971373,Ardella,Andrysiak,Female,aandrysiak2b@tumblr.com
910746,Torrie,Casella,Female,tcasella2c@howstuffworks.com
1291465,Homerus,Ferrino,Male,hferrino2d@nba.com
1229630,Gualterio,McGaw,Male,gmcgaw2e@hugedomains.com
1925417,Laughton,Whitecross,Male,lwhitecross2f@oaic.gov.au
1445629,Augusto,Titta,Male,atitta2g@cyberchimps.com
2033780,Giselbert,Roddan,Male,groddan2h@technorati.com
2380901,Bili,Propper,Female,bpropper2i@aboutads.info
658996,Sherlock,Dady,Male,sdady2j@hatena.ne.jp
2239762,Everard,Samms,Male,esamms2k@ameblo.jp
1284311,Glad,Annell,Female,gannell2l@live.com
1888077,Carree,Sudlow,Female,csudlow2m@washingtonpost.com
428378,Shanie,Mitchelmore,Female,smitchelmore2n@webeden.co.uk
1410954,Brena,Cane,Female,bcane2o@sakura.ne.jp
737551,Iver,Warcop,Male,iwarcop2p@hud.gov
744829,Georgy,Coggeshall,Male,gcoggeshall2q@yolasite.com
509328,Gizela,MacShirie,Female,gmacshirie2r@google.de
752922,Reagen,Vallentine,Male,rvallentine2s@wikipedia.org
1814431,Oliviero,Icom,Male,oicom2t@histats.com
1671724,Biron,Rutland,Male,brutland2u@blogtalkradio.com
1631834,Gradey,Fehely,Male,gfehely2v@livejournal.com
1495890,Steven,Voysey,Male,svoysey2w@google.co.jp
1768387,Cross,Deppen,Male,cdeppen2x@issuu.com
677365,Stacy,Scroxton,Female,sscroxton2y@wp.com
2357025,Dunn,Pavlishchev,Male,dpavlishchev2z@pinterest.com
1108999,Germain,Dorbin,Male,gdorbin30@taobao.com
614268,Roderick,Battrick,Male,rbattrick31@mtv.com
443635,Nessy,Beedham,Female,nbeedham32@engadget.com
1424822,Torrie,Dowthwaite,Female,tdowthwaite33@hibu.com
940895,Wainwright,Sofe,Male,wsofe34@cdc.gov
1617462,Ibbie,Humber,Female,ihumber35@ox.ac.uk
2014674,Reinhard,Cuberley,Male,rcuberley36@wunderground.com
1590224,Malinda,Trayes,Female,mtrayes37@bbc.co.uk
2230199,Luca,Heeney,Male,lheeney38@facebook.com
2175897,Carrissa,Lacey,Female,clacey39@google.fr
1560490,Aveline,Samsonsen,Female,asamsonsen3a@vkontakte.ru
2317127,Wiatt,Eastment,Male,weastment3b@list-manage.com
1423322,Rowland,Honsch,Male,rhonsch3c@blinklist.com
1292761,Web,Hollibone,Male,whollibone3d@tiny.cc
1852894,Josiah,Switland,Male,jswitland3e@dion.ne.jp
2251370,Claretta,Hunday,Female,chunday3f@tripod.com
1144046,Gael,Silliman,Female,gsilliman3g@freewebs.com
1346873,Ronnie,Sedgemond,Male,rsedgemond3h@ucsd.edu
263549,Tanhya,Yorkston,Female,tyorkston3i@ask.com
2422385,Justinian,Garrick,Male,jgarrick3j@wufoo.com
1743585,Vinni,Baulch,Female,vbaulch3k@devhub.com
881781,Clayborne,Danneil,Male,cdanneil3l@sitemeter.com
1569476,Patricia,Schimank,Female,pschimank3m@google.com.au
342723,Alysia,Brimblecomb,Female,abrimblecomb3n@dailymotion.com
1490482,Elsy,Ayre,Female,eayre3o@wp.com
797502,Hobey,Bowick,Male,hbowick3p@abc.net.au
384035,Neil,Semarke,Male,nsemarke3q@youtube.com
2197185,Heriberto,McCoole,Male,hmccoole3r@netvibes.com
1853060,Stevana,Hardway,Female,shardway3s@amazon.com
1126273,Kimball,Zanettini,Male,kzanettini3t@wired.com
1002420,Nevin,Andreolli,Male,nandreolli3u@bizjournals.com
1282103,Dougy,Proppers,Male,dproppers3v@yandex.ru
1905259,Tabbi,Gronaller,Female,tgronaller3w@tmall.com
707754,Ursulina,Mackett,Female,umackett3x@oracle.com
384806,Tine,Cloney,Female,tcloney3y@blinklist.com
551798,Elsbeth,Tunbridge,Female,etunbridge3z@google.com.br
1958738,Linn,Scheffler,Male,lscheffler40@jimdo.com
459509,Merissa,Lodge,Female,mlodge41@nyu.edu
1597240,Chas,Pappin,Male,cpappin42@issuu.com
2105223,Emili,Sandell,Female,esandell43@macromedia.com
2239381,Marshal,Sember,Male,msember44@apple.com
787740,Kayle,Warby,Female,kwarby45@paginegialle.it
1527596,Dill,Cordier,Male,dcordier46@ning.com
289203,Liuka,Bedburrow,Female,lbedburrow47@devhub.com
2056663,Wilma,Betjeman,Female,wbetjeman48@technorati.com
1943014,Sheelagh,Minchell,Female,sminchell49@hugedomains.com
2194490,Crysta,Naish,Female,cnaish4a@npr.org
2132948,Georg,Jiran,Male,gjiran4b@mail.ru
397720,Boigie,Wilman,Male,bwilman4c@topsy.com
1258741,Joycelin,Whitwam,Female,jwhitwam4d@feedburner.com
1209935,Munmro,Wilkin,Male,mwilkin4e@wired.com
2393177,Faustine,Saveall,Female,fsaveall4f@chron.com
500655,Chen,Leavens,Male,cleavens4g@columbia.edu
627675,Georgia,Lithcow,Female,glithcow4h@sun.com
1516905,Dawna,Peckitt,Female,dpeckitt4i@ovh.net
487687,Gerty,Pigney,Female,gpigney4j@goo.ne.jp
1377738,Even,Hayfield,Male,ehayfield4k@over-blog.com
2226955,Sherrie,Kalaher,Female,skalaher4l@sciencedirect.com
1914445,Alf,Jobbing,Male,ajobbing4m@youtu.be
2089715,Baldwin,Gadsden,Male,bgadsden4n@forbes.com
1713120,Lenci,Kennicott,Male,lkennicott4o@wsj.com
621209,Sharla,Copnall,Female,scopnall4p@nymag.com
648935,Nomi,Evill,Female,nevill4q@cargocollective.com
1617350,Sonnnie,Abelevitz,Female,sabelevitz4r@omniture.com
852814,June,Brighty,Female,jbrighty4s@fema.gov
2274820,Thacher,Ebben,Male,tebben4t@multiply.com
1475277,Flint,Wiffler,Male,fwiffler4u@kickstarter.com
353437,Peggy,Menlow,Female,pmenlow4v@google.co.uk
1664132,Julita,Brister,Female,jbrister4w@princeton.edu
2407693,Christophe,Lambe,Male,clambe4x@un.org
2369049,Tamarra,Klassman,Female,tklassman4y@paginegialle.it
2185139,Ax,Skates,Male,askates4z@furl.net
1320377,Tristam,Aucott,Male,taucott50@i2i.jp
1884823,Josephine,Anyon,Female,janyon51@hc360.com
1354754,Gunilla,Gates,Female,ggates52@4shared.com
630584,Chrisse,Smalley,Male,csmalley53@woothemes.com
917405,Ralf,Macer,Male,rmacer54@craigslist.org
1072509,Gun,Bentsen,Male,gbentsen55@ning.com
2363809,Thomas,Charkham,Male,tcharkham56@tmall.com
1822462,Shandee,Lattin,Female,slattin57@samsung.com
329142,Sofia,Foxcroft,Female,sfoxcroft58@ca.gov
1696046,Toddie,Elener,Male,telener59@ameblo.jp
2234363,Carmel,Dunsmore,Female,cdunsmore5a@bizjournals.com
558114,Xymenes,MacCague,Male,xmaccague5b@squarespace.com
544363,Adelina,Mableson,Female,amableson5c@123-reg.co.uk
1498487,Rolph,Hansill,Male,rhansill5d@google.com
1842225,Sandye,Rosingdall,Female,srosingdall5e@wunderground.com
2059970,Cleve,Bonin,Male,cbonin5f@wp.com
2253902,Pet,Stroobant,Female,pstroobant5g@drupal.org
1857955,Arlana,Rowan,Female,arowan5h@msu.edu
949433,Vannie,Jossum,Female,vjossum5i@usnews.com
1640757,Amos,Gunningham,Male,agunningham5j@dailymail.co.uk
446450,Philbert,Rapkins,Male,prapkins5k@mac.com
1803223,Idalina,Doiley,Female,idoiley5l@privacy.gov.au
2054728,Sonnie,Lochrie,Female,slochrie5m@jalbum.net
1075970,Kay,Lambkin,Female,klambkin5n@shareasale.com
2177245,Ardelis,Restall,Female,arestall5o@uiuc.edu
1951960,Horace,Lavelle,Male,hlavelle5p@tinypic.com
519003,Cinnamon,Sauvain,Female,csauvain5q@ucoz.ru
301048,Roderigo,Hentzeler,Male,rhentzeler5r@gnu.org
410186,Prentiss,Symons,Male,psymons5s@noaa.gov
2144371,Gabriele,Gherardi,Male,ggherardi5t@google.de
1728922,Avivah,Linnard,Female,alinnard5u@nbcnews.com
1822880,Christel,Teresi,Female,cteresi5v@google.co.jp
400458,Kellen,Lamblin,Female,klamblin5w@blogs.com
1475418,Amaleta,Roof,Female,aroof5x@1und1.de
1874402,Sven,Abbatucci,Male,sabbatucci5y@upenn.edu
1125467,Derry,Giggie,Male,dgiggie5z@npr.org
2419966,Elsworth,Kernes,Male,ekernes60@google.ru
632635,Justis,Martinez,Male,jmartinez61@omniture.com
1722340,Danyette,Polkinghorne,Female,dpolkinghorne62@disqus.com
2277270,Prissie,McKee,Female,pmckee63@infoseek.co.jp
1625950,Garek,Haysman,Male,ghaysman64@hexun.com
1377483,Sondra,Reah,Female,sreah65@state.gov
459361,Murray,Bridgwater,Male,mbridgwater66@buzzfeed.com
2171996,Hansiain,Wickmann,Male,hwickmann67@blog.com
1514692,Quinn,Jovanovic,Male,qjovanovic68@imgur.com
1387586,Ingemar,Bampfield,Male,ibampfield69@cdc.gov
321451,Zorah,Hallum,Female,zhallum6a@friendfeed.com
1571698,Paddy,Treend,Male,ptreend6b@npr.org
1256518,Griswold,Mattevi,Male,gmattevi6c@cpanel.net
2027470,Haywood,Simonin,Male,hsimonin6d@uiuc.edu
1773116,Andras,Skelly,Male,askelly6e@baidu.com
1539600,Fabio,Conti,Male,fconti6f@plala.or.jp
943550,Emmet,Nottle,Male,enottle6g@auda.org.au
2259842,Barby,Arnault,Female,barnault6h@yolasite.com
2280989,Torin,Drewe,Male,tdrewe6i@mit.edu
345330,Barnie,Janouch,Male,bjanouch6j@github.io
692162,Eilis,Shee,Female,eshee6k@chicagotribune.com
1884644,Sibylle,Beauly,Female,sbeauly6l@apple.com
1985650,Antons,Larway,Male,alarway6m@edublogs.org
395173,Trista,Ruprecht,Female,truprecht6n@indiatimes.com
713544,Judas,Samworth,Male,jsamworth6o@va.gov
1489650,Lesli,Coffelt,Female,lcoffelt6p@patch.com
1732293,Norma,Klicher,Female,nklicher6q@epa.gov
1473309,Jacinta,Walley,Female,jwalley6r@umich.edu
1267882,Sonnie,Bossel,Male,sbossel6s@diigo.com
347829,Kilian,Dahmke,Male,kdahmke6t@edublogs.org
254145,Mitchell,Grafton-Herbert,Male,mgraftonherbert6u@taobao.com
317967,Teodorico,Nurse,Male,tnurse6v@friendfeed.com
877387,Joelle,Tukely,Female,jtukely6w@scribd.com
1038785,Catlin,Nehl,Female,cnehl6x@fastcompany.com
2210011,Clayborne,Forstall,Male,cforstall6y@diigo.com
951637,Karlyn,Nelthorp,Female,knelthorp6z@163.com
1191069,Hedwig,Wheeliker,Female,hwheeliker70@tumblr.com
1973871,Justen,Tschursch,Male,jtschursch71@hud.gov
818514,Chrysa,Felkin,Female,cfelkin72@odnoklassniki.ru
1398421,Suzi,Peres,Female,speres73@youtu.be
1784433,Dusty,Keyson,Female,dkeyson74@shareasale.com
1941036,Barnard,Blasdale,Male,bblasdale75@netvibes.com
1520039,Annie,Pridden,Female,apridden76@topsy.com
1665433,Albina,Buddles,Female,abuddles77@auda.org.au
1140646,Gerik,Tredget,Male,gtredget78@trellian.com
278571,Richardo,Haylor,Male,rhaylor79@domainmarket.com
1422224,Wallis,Chittim,Female,wchittim7a@yale.edu
314810,Christalle,Gowthorpe,Female,cgowthorpe7b@usatoday.com
615009,Harriette,Code,Female,hcode7c@google.com.br
986355,Dorothea,Physic,Female,dphysic7d@taobao.com
1751049,Eldin,Wanderschek,Male,ewanderschek7e@narod.ru
2195551,Bronson,Parsley,Male,bparsley7f@myspace.com
501862,Heather,Fillimore,Female,hfillimore7g@slate.com
991963,Tomasine,Worcs,Female,tworcs7h@tinypic.com
478892,Teirtza,McIlvoray,Female,tmcilvoray7i@ning.com
990850,Maurise,Puttnam,Male,mputtnam7j@etsy.com
332071,Beverlee,McFeat,Female,bmcfeat7k@hugedomains.com
561406,Pauletta,Pratt,Female,ppratt7l@unc.edu
502097,Ab,Sprowles,Male,asprowles7m@nhs.uk
1081350,See,Kubal,Male,skubal7n@businesswire.com
756442,Harley,Brendel,Female,hbrendel7o@elegantthemes.com
1102369,Oliviero,Fealty,Male,ofealty7p@flavors.me
2001272,Clovis,Stannis,Female,cstannis7q@ca.gov
1307533,Crystal,Cruddas,Female,ccruddas7r@joomla.org
487267,Gustaf,Bulward,Male,gbulward7s@fema.gov
1112389,Tarra,Ghioni,Female,tghioni7t@linkedin.com
1913910,Herbert,Woodnutt,Male,hwoodnutt7u@sbwire.com
2229118,Ives,Wildblood,Male,iwildblood7v@networksolutions.com
391823,Norrie,Shipway,Female,nshipway7w@bigcartel.com
532510,Celisse,Gulley,Female,cgulley7x@shareasale.com
1347422,Maddy,Guidera,Male,mguidera7y@phpbb.com
1528319,Victor,Croston,Male,vcroston7z@yolasite.com
504940,Link,Leadbeater,Male,lleadbeater80@irs.gov
1573920,Hilton,Pettko,Male,hpettko81@examiner.com
850914,Stephan,Shirtcliffe,Male,sshirtcliffe82@imdb.com
2145651,Carolin,Suttell,Female,csuttell83@java.com
662888,Irma,Taylder,Female,itaylder84@livejournal.com
408768,Lorrie,Kear,Male,lkear85@etsy.com
1870667,Dylan,Spanswick,Male,dspanswick86@arstechnica.com
929895,Ingar,Handley,Male,ihandley87@tmall.com
1241655,Raynard,Capelle,Male,rcapelle88@is.gd
389944,Guinna,Quig,Female,gquig89@tiny.cc
1646808,Wallace,Rampton,Male,wrampton8a@biglobe.ne.jp
1106469,Lyle,Quelch,Male,lquelch8b@lulu.com
1740245,Shae,Madine,Female,smadine8c@imgur.com
2157232,Curt,Cockitt,Male,ccockitt8d@washington.edu
667446,Adan,Gabbidon,Female,agabbidon8e@adobe.com
1283934,Barbaraanne,Biasini,Female,bbiasini8f@psu.edu
1397224,Estella,Elis,Female,eelis8g@dell.com
1104343,Parrnell,Moiser,Male,pmoiser8h@amazon.co.jp
364400,Netti,Mattiazzi,Female,nmattiazzi8i@tamu.edu
447838,Denis,Elmes,Male,delmes8j@scientificamerican.com
1922359,Almire,Summerton,Female,asummerton8k@ftc.gov
706257,Derick,Kembry,Male,dkembry8l@php.net
703780,Trudi,Boggish,Female,tboggish8m@hibu.com
270009,Jocelin,Pumfrett,Female,jpumfrett8n@usatoday.com
1084065,Erda,Duffett,Female,eduffett8o@slate.com
1008130,Silvan,Hussey,Male,shussey8p@hibu.com
1795953,Carlie,Zorzin,Male,czorzin8q@creativecommons.org
1802365,Antonino,Strelitz,Male,astrelitz8r@house.gov
393968,Binni,Veysey,Female,bveysey8s@webnode.com
485497,Cletus,Nyland,Male,cnyland8t@patch.com
551505,Halie,Sales,Female,hsales8u@163.com
492922,Zitella,Callar,Female,zcallar8v@senate.gov
1648517,Wilhelm,Rounsefull,Male,wrounsefull8w@booking.com
1510636,Ronnica,Etuck,Female,retuck8x@furl.net
2332917,Bettine,Cleef,Female,bcleef8y@google.com.br
1419764,Cher,Swine,Female,cswine8z@vistaprint.com
2210932,Yankee,Priel,Male,ypriel90@ovh.net
2078006,Nevsa,Petranek,Female,npetranek91@dailymail.co.uk
1680907,Giacobo,Spiring,Male,gspiring92@un.org
1666260,Matelda,Trippitt,Female,mtrippitt93@constantcontact.com
961895,Andria,Eisikowitch,Female,aeisikowitch94@biblegateway.com
1813982,Carline,Gritten,Female,cgritten95@unicef.org
853837,Belle,Eim,Female,beim96@slideshare.net
1862686,Faustine,Morkham,Female,fmorkham97@princeton.edu
935172,Ermin,O'Leary,Male,eoleary98@cocolog-nifty.com
1048214,Shelby,Shottin,Male,sshottin99@cloudflare.com
1554078,Gretel,Partridge,Female,gpartridge9a@imageshack.us
1392354,Malva,Charville,Female,mcharville9b@economist.com
674420,Cris,Faulo,Female,cfaulo9c@bbb.org
2090634,Vania,Macewan,Female,vmacewan9d@yellowbook.com
2229815,Jonas,Hierro,Male,jhierro9e@acquirethisname.com
814691,Cliff,Lindwall,Male,clindwall9f@hhs.gov
1643328,Calvin,Vagg,Male,cvagg9g@vistaprint.com
1364370,Shelby,Halcro,Female,shalcro9h@foxnews.com
636064,Sherill,Swalwell,Female,sswalwell9i@cmu.edu
1971482,Pru,Frostdick,Female,pfrostdick9j@geocities.jp
2345535,Aili,Gurnett,Female,agurnett9k@digg.com
463843,Brandais,Dovey,Female,bdovey9l@washington.edu
789176,Donall,Genese,Male,dgenese9m@sourceforge.net
1075175,Heloise,Sparey,Female,hsparey9n@vinaora.com
1375652,Abbott,Loadwick,Male,aloadwick9o@scientificamerican.com
307515,Rafaelia,Coast,Female,rcoast9p@hp.com
1235873,Rozalin,Brasier,Female,rbrasier9q@networksolutions.com
1914147,Liza,Oxbrow,Female,loxbrow9r@elpais.com
2246329,Lowrance,Kitcat,Male,lkitcat9s@ibm.com
778363,Rene,Yallop,Female,ryallop9t@apache.org
642995,Rozina,Hemphrey,Female,rhemphrey9u@gmpg.org
816222,Errick,Houseley,Male,ehouseley9v@cbslocal.com
2298620,Syman,Bellanger,Male,sbellanger9w@google.com
1376092,Lorilee,Souness,Female,lsouness9x@huffingtonpost.com
1376181,Norrie,Muckleston,Female,nmuckleston9y@examiner.com
1300115,Concettina,Musgrave,Female,cmusgrave9z@fastcompany.com
1958794,Daven,Clappson,Male,dclappsona0@meetup.com
1512945,Pat,Tredgold,Male,ptredgolda1@people.com.cn
1734127,Shaughn,Joslin,Male,sjoslina2@dedecms.com
1186175,Catharine,Petschelt,Female,cpetschelta3@feedburner.com
1248620,Moreen,Bartomeu,Female,mbartomeua4@washingtonpost.com
1341121,Huntlee,Goldstraw,Male,hgoldstrawa5@wiley.com
878166,Devin,Mussen,Male,dmussena6@mail.ru
1169928,Amara,Mc Gaughey,Female,amcgaugheya7@wikimedia.org
1772064,Mair,Stollmeyer,Female,mstollmeyera8@nhs.uk
1503673,Kimble,Turney,Male,kturneya9@eventbrite.com
1737738,Miltie,Mapplethorpe,Male,mmapplethorpeaa@soundcloud.com
2032114,Ettie,Coghlin,Female,ecoghlinab@amazon.com
368350,Christie,Gehrts,Male,cgehrtsac@merriam-webster.com
360263,Kylila,Bruckmann,Female,kbruckmannad@google.com.br
305782,Peri,Hedditeh,Female,phedditehae@amazonaws.com
1891778,Thurston,Nevill,Male,tnevillaf@cloudflare.com
2034804,Kerr,Dudgeon,Male,kdudgeonag@webeden.co.uk
471965,Esdras,Woollons,Male,ewoollonsah@e-recht24.de
1579356,Marley,Muat,Female,mmuatai@ifeng.com
1558645,Alberta,Dell Casa,Female,adellcasaaj@buzzfeed.com
1468823,Brooke,Balfre,Male,bbalfreak@webeden.co.uk
373051,Cleon,Ostick,Male,costickal@twitpic.com
422399,Natalee,Leyban,Female,nleybanam@usa.gov
440295,Craggy,Caldicott,Male,ccaldicottan@wikia.com
656441,Janela,Olesen,Female,jolesenao@usatoday.com
2300921,Durant,Leary,Male,dlearyap@engadget.com
312068,Sharyl,Wartnaby,Female,swartnabyaq@pen.io
1815419,Halette,Sink,Female,hsinkar@google.cn
753251,Faunie,Hedgeley,Female,fhedgeleyas@census.gov
811178,Yank,Corona,Male,ycoronaat@4shared.com
2036090,Faina,Bulgen,Female,fbulgenau@ucla.edu
2269296,Vivi,Eck,Female,veckav@utexas.edu
1235335,Pierette,McKennan,Female,pmckennanaw@weibo.com
624142,Dannie,Townend,Female,dtownendax@eepurl.com
1289364,Alida,Frankcom,Female,afrankcomay@uiuc.edu
1820966,Winston,Gerssam,Male,wgerssamaz@rediff.com
2038886,Griz,Butterfint,Male,gbutterfintb0@ifeng.com
1437741,Keely,Terbrug,Female,kterbrugb1@comcast.net
1320654,Consalve,Casterou,Male,ccasteroub2@home.pl
2226379,Lew,Greensmith,Male,lgreensmithb3@dot.gov
1183263,Grayce,Keets,Female,gkeetsb4@bloglines.com
2383650,Valera,Matcham,Female,vmatchamb5@yale.edu
771474,Bronson,D'Arrigo,Male,bdarrigob6@theguardian.com
1052549,Karly,Bevan,Female,kbevanb7@google.nl
457044,Erny,Cuppleditch,Male,ecuppleditchb8@mayoclinic.com
1032641,Kincaid,Morrott,Male,kmorrottb9@list-manage.com
1094844,Frankie,Hambrick,Female,fhambrickba@google.co.uk
339165,Lorne,de Clerq,Male,ldeclerqbb@foxnews.com
1100350,Far,Bontine,Male,fbontinebc@angelfire.com
2012095,Margeaux,Whifen,Female,mwhifenbd@1688.com
1956540,Elianora,Legging,Female,eleggingbe@gravatar.com
262290,Alexandr,Buckhurst,Male,abuckhurstbf@is.gd
739947,Herschel,Quimby,Male,hquimbybg@imgur.com
2373567,Patty,Quadling,Male,pquadlingbh@cdc.gov
644557,Calv,Youster,Male,cyousterbi@ox.ac.uk
1940887,Fonz,Saxton,Male,fsaxtonbj@infoseek.co.jp
678826,Cassy,Fleckno,Female,cflecknobk@multiply.com
663965,Klarrisa,Burrus,Female,kburrusbl@howstuffworks.com
1452447,Winny,Ziemke,Female,wziemkebm@yelp.com
2215068,Gian,Rey,Male,greybn@4shared.com
671445,Carolus,Klaaassen,Male,cklaaassenbo@nifty.com
1465599,Ilene,McNelly,Female,imcnellybp@howstuffworks.com
1157293,Tiena,Birmingham,Female,tbirminghambq@123-reg.co.uk
1163155,Cybil,Boice,Female,cboicebr@xinhuanet.com
465664,Stirling,Jenkerson,Male,sjenkersonbs@nifty.com
568896,Talia,Stieger,Female,tstiegerbt@un.org
620715,Tybalt,Liverseege,Male,tliverseegebu@wix.com
1730516,Avery,Mapstone,Male,amapstonebv@g.co
791537,Yulma,Tukely,Male,ytukelybw@eventbrite.com
449404,Janka,Tummasutti,Female,jtummasuttibx@tuttocitta.it
607976,Maynord,Andreone,Male,mandreoneby@europa.eu
2362799,Jeniffer,Hearne,Female,jhearnebz@goo.ne.jp
848988,Chelsae,Dammarell,Female,cdammarellc0@cpanel.net
888730,Jone,Drescher,Male,jdrescherc1@omniture.com
686576,Karna,Squelch,Female,ksquelchc2@about.com
1412252,Elbertina,Banbrigge,Female,ebanbriggec3@gravatar.com
936213,Donall,Zoane,Male,dzoanec4@51.la
914982,Lenore,Sandal,Female,lsandalc5@twitter.com
2345868,Bebe,Scurrey,Female,bscurreyc6@aol.com
562542,Konstantin,Cornillot,Male,kcornillotc7@list-manage.com
2222920,Ardisj,McConnulty,Female,amcconnultyc8@bluehost.com
1293988,Malorie,Kenyam,Female,mkenyamc9@alexa.com
690870,Adel,Capener,Female,acapenerca@state.tx.us
1835461,Linnie,Stait,Female,lstaitcb@t-online.de
836888,Alana,Finneran,Female,afinnerancc@scribd.com
1655472,Gratiana,Alexandersen,Female,galexandersencd@exblog.jp
1032952,Raffarty,Rayburn,Male,rrayburnce@surveymonkey.com
337388,Lorne,Goter,Female,lgotercf@tmall.com
929932,Maggy,Dufaire,Female,mdufairecg@foxnews.com
800213,Eal,Laidler,Male,elaidlerch@nature.com
266908,Lyle,Baroux,Male,lbarouxci@cbc.ca
1333378,Jessie,Jessope,Female,jjessopecj@shinystat.com
1823130,Rhett,Penna,Male,rpennack@deliciousdays.com
2224850,Tish,Wadeson,Female,twadesoncl@sbwire.com
2109696,Giffy,Apark,Male,gaparkcm@squidoo.com
2351564,Raul,Brigshaw,Male,rbrigshawcn@furl.net
429485,Allistir,Binny,Male,abinnyco@godaddy.com
1044052,Monty,Fowell,Male,mfowellcp@t-online.de
2228537,Danyelle,Gruszka,Female,dgruszkacq@gmpg.org
758173,Georgie,Matten,Male,gmattencr@163.com
1369905,Ronald,Hawker,Male,rhawkercs@mtv.com
1188301,Renado,Van den Velden,Male,rvandenveldenct@amazon.co.jp
1759641,Annabal,Server,Female,aservercu@psu.edu
1745263,Collen,Gehrels,Female,cgehrelscv@blogspot.com
848614,Lynnett,Orpwood,Female,lorpwoodcw@newsvine.com
843405,Esma,Dumbrell,Female,edumbrellcx@howstuffworks.com
1908951,Joletta,Rout,Female,jroutcy@shop-pro.jp
1524897,Harris,Yakushkev,Male,hyakushkevcz@trellian.com
1489129,Karole,Reedman,Female,kreedmand0@wikispaces.com
1999664,Justen,Bonnor,Male,jbonnord1@ihg.com
1456010,Ernst,Colgrave,Male,ecolgraved2@abc.net.au
1035181,Moyna,Splevin,Female,msplevind3@yellowpages.com
2157285,Hank,Lawranson,Male,hlawransond4@twitter.com
1605413,Cyndie,Rounsefull,Female,crounsefulld5@yahoo.com
920227,Daren,Huske,Male,dhusked6@jimdo.com
942326,Rani,McEvilly,Female,rmcevillyd7@cnet.com
1841226,Theodor,Geraud,Male,tgeraudd8@sitemeter.com
987453,Barnabe,Logesdale,Male,blogesdaled9@infoseek.co.jp
1430954,Corny,Chastan,Male,cchastanda@cbc.ca
1139941,Liz,Arger,Female,largerdb@house.gov
1862463,Sella,Witz,Female,switzdc@privacy.gov.au
1671067,Paquito,Aslen,Male,paslendd@archive.org
2257723,Latrena,O'dell,Female,lodellde@alibaba.com
2340331,Maria,Bonnier,Female,mbonnierdf@wunderground.com
2180428,Alidia,Okroy,Female,aokroydg@home.pl
1253907,Mariska,Mival,Female,mmivaldh@deviantart.com
766674,Ferrell,Fance,Male,ffancedi@sitemeter.com
1392578,Paddie,Shailer,Male,pshailerdj@pagesperso-orange.fr
1720239,Hollis,Gansbuhler,Male,hgansbuhlerdk@irs.gov
1398394,Tedda,Sainsberry,Female,tsainsberrydl@weebly.com
1738328,Celle,Cottey,Female,ccotteydm@army.mil
2391025,Bastian,Petrishchev,Male,bpetrishchevdn@princeton.edu
1472181,Alysia,Chasemoore,Female,achasemooredo@printfriendly.com
1610475,Lana,Syseland,Female,lsyselanddp@howstuffworks.com
2211947,Kendell,McKeowon,Male,kmckeowondq@i2i.jp
1516731,Claudius,Schooley,Male,cschooleydr@mac.com
350857,Adrien,Edyson,Male,aedysonds@archive.org
1248834,Alethea,Fairrie,Female,afairriedt@youtu.be
278949,Grove,Rumbellow,Male,grumbellowdu@hostgator.com
565727,Glad,Dengel,Female,gdengeldv@bbc.co.uk
1000615,Aldric,Cronin,Male,acronindw@youku.com
1932945,Zenia,Hamsley,Female,zhamsleydx@youtube.com
1600532,Siouxie,Pignon,Female,spignondy@naver.com
2066060,Sid,Fazakerley,Male,sfazakerleydz@geocities.com
453877,Giacinta,Dorman,Female,gdormane0@angelfire.com
2374022,Valery,Varnals,Female,vvarnalse1@jiathis.com
1509691,Gonzales,Shorthouse,Male,gshorthousee2@timesonline.co.uk
2257568,Jud,Cleal,Male,jcleale3@redcross.org
1612719,Vernon,Fautley,Male,vfautleye4@angelfire.com
2201332,Laurie,Sleit,Male,lsleite5@shutterfly.com
2131722,Victor,Pahlsson,Male,vpahlssone6@angelfire.com
1007620,Fianna,Reburn,Female,freburne7@hugedomains.com
1756861,Abie,Maria,Male,amariae8@hexun.com
854018,Elizabeth,Pyott,Female,epyotte9@skype.com
1189292,Duane,Randleson,Male,drandlesonea@bing.com
651033,Ranna,McMeeking,Female,rmcmeekingeb@usgs.gov
1726249,Xever,Buffery,Male,xbufferyec@sitemeter.com
1532070,Minnie,Dommett,Female,mdommetted@bloglines.com
976477,Irv,Lode,Male,ilodeee@foxnews.com
258230,Wynny,Gabitis,Female,wgabitisef@over-blog.com
1604400,Blondell,Chalder,Female,bchaldereg@ning.com
2083628,Patty,Thwaites,Female,pthwaiteseh@t.co
1230153,Crichton,Pawelek,Male,cpawelekei@imgur.com
1008487,Reena,Saltwell,Female,rsaltwellej@free.fr
348264,Donovan,Joul,Male,djoulek@usa.gov
972950,Wini,Kaplin,Female,wkaplinel@i2i.jp
1695261,Harlin,Boggis,Male,hboggisem@goo.ne.jp
481033,Nap,Girardengo,Male,ngirardengoen@scribd.com
1891783,Austine,Charle,Female,acharleeo@wunderground.com
1135356,Natal,Berkely,Male,nberkelyep@va.gov
1277474,Quinlan,Vondrach,Male,qvondracheq@example.com
1459611,Berget,McPeck,Female,bmcpecker@java.com
2143978,Manfred,O'Caherny,Male,mocahernyes@mayoclinic.com
2061314,Stirling,Appleton,Male,sappletonet@desdev.cn
1206360,Salmon,Meecher,Male,smeechereu@independent.co.uk
1456080,Odie,Norheny,Male,onorhenyev@seattletimes.com
1816626,Brandice,Esilmon,Female,besilmonew@free.fr
772592,Kai,Martinat,Female,kmartinatex@springer.com
826231,Garrott,Beadham,Male,gbeadhamey@upenn.edu
789664,Clarisse,Bangley,Female,cbangleyez@woothemes.com
1287122,Wendell,Dive,Male,wdivef0@friendfeed.com
1823411,Ely,Haggus,Male,ehaggusf1@bloglovin.com
423500,Cristian,Orfeur,Male,corfeurf2@dion.ne.jp
1000684,Timi,Reck,Female,treckf3@is.gd
1884180,Padgett,Oldroyde,Male,poldroydef4@4shared.com
2387216,Lanie,Clappison,Male,lclappisonf5@chicagotribune.com
2319777,Isiahi,Chalice,Male,ichalicef6@msu.edu
969150,Barnabas,Gorman,Male,bgormanf7@uol.com.br
1026028,Deni,Faherty,Female,dfahertyf8@delicious.com
1038988,Kacie,Snelle,Female,ksnellef9@pinterest.com
1967287,Titos,Onians,Male,toniansfa@posterous.com
761026,Linn,Columbine,Female,lcolumbinefb@google.ca
1845143,Guillermo,McCarlich,Male,gmccarlichfc@youku.com
2228672,Stearne,Dooman,Male,sdoomanfd@people.com.cn
759293,Emelen,Terbeck,Male,eterbeckfe@sina.com.cn
2152971,Yolane,Hatfull,Female,yhatfullff@booking.com
1792576,Bili,Bracknall,Female,bbracknallfg@time.com
747837,Vladimir,McRinn,Male,vmcrinnfh@blogger.com
1034288,Hedy,Garnson,Female,hgarnsonfi@bigcartel.com
342937,Margette,Bignall,Female,mbignallfj@ezinearticles.com
1511852,Wilburt,Gilogly,Male,wgiloglyfk@blog.com
1978905,Lilas,Borkett,Female,lborkettfl@cocolog-nifty.com
2209119,Herve,Paulmann,Male,hpaulmannfm@china.com.cn
2402984,Frazier,Gyrgorcewicx,Male,fgyrgorcewicxfn@issuu.com
1643218,Gage,Duckels,Male,gduckelsfo@xing.com
756501,Arluene,Fairbrother,Female,afairbrotherfp@si.edu
2081396,Sayres,Praundlin,Male,spraundlinfq@independent.co.uk
2240324,Dion,Ohanessian,Male,dohanessianfr@bbc.co.uk
704497,Taddeo,de Amaya,Male,tdeamayafs@senate.gov
1350543,Pierette,Furst,Female,pfurstft@patch.com
1560473,Sammy,Djurkovic,Male,sdjurkovicfu@instagram.com
1737398,Aube,McArdle,Male,amcardlefv@ow.ly
2288946,Drucy,Benoi,Female,dbenoifw@deliciousdays.com
1683149,Bord,Joost,Male,bjoostfx@mozilla.com
319330,Susanetta,Owain,Female,sowainfy@sun.com
1258495,Killy,Skudder,Male,kskudderfz@independent.co.uk
299329,Fey,Cherrie,Female,fcherrieg0@parallels.com
1797461,Zea,Yitzovicz,Female,zyitzoviczg1@usgs.gov
1397116,Waite,Carlyle,Male,wcarlyleg2@shareasale.com
1683509,Glyn,Gather,Female,ggatherg3@who.int
1618329,Benoite,Couvet,Female,bcouvetg4@state.gov
1126319,Dannie,Stride,Male,dstrideg5@diigo.com
2388182,Leone,Ormston,Female,lormstong6@ihg.com
800126,Davis,Younghusband,Male,dyounghusbandg7@topsy.com
2147898,Tore,Dormand,Male,tdormandg8@creativecommons.org
2313720,Terry,Stede,Female,tstedeg9@icio.us
563906,Tallulah,Haycraft,Female,thaycraftga@ycombinator.com
2059152,Joelly,Talboy,Female,jtalboygb@a8.net
2335416,Daria,Paradin,Female,dparadingc@answers.com
2070802,Royal,MacGiolla Pheadair,Male,rmacgiollapheadairgd@usnews.com
1404086,Shanon,Yitzhok,Female,syitzhokge@slashdot.org
1947264,Jermain,Gothard,Male,jgothardgf@dailymail.co.uk
2072844,Kimbra,Baston,Female,kbastongg@timesonline.co.uk
1747641,Mikael,Benns,Male,mbennsgh@cmu.edu
338169,Husein,Frantz,Male,hfrantzgi@ucla.edu
1797973,Sean,Prattin,Male,sprattingj@springer.com
515138,Avictor,Battin,Male,abattingk@guardian.co.uk
1762814,Westley,Saterthwait,Male,wsaterthwaitgl@posterous.com
1997225,Gradeigh,Scoles,Male,gscolesgm@51.la
1637152,Kath,Loude,Female,kloudegn@scientificamerican.com
322575,Marianne,Embra,Female,membrago@businessweek.com
396350,Rivkah,Reville,Female,rrevillegp@nhs.uk
971021,Nikolaus,Densumbe,Male,ndensumbegq@seattletimes.com
627980,Verge,Kohnen,Male,vkohnengr@guardian.co.uk
1870501,Darb,Houseley,Male,dhouseleygs@rediff.com
854696,Eduard,Phorsby,Male,ephorsbygt@smh.com.au
527619,Christiane,Skelcher,Female,cskelchergu@is.gd
1633693,Annora,Stonehouse,Female,astonehousegv@examiner.com
1638936,Reed,Peachey,Male,rpeacheygw@opensource.org
1299608,Kare,Anney,Female,kanneygx@zimbio.com
2301742,Vaughan,Eason,Male,veasongy@artisteer.com
1606063,Jordon,Elcox,Male,jelcoxgz@shutterfly.com
749544,Cornie,Lalor,Male,clalorh0@blogs.com
2369339,Margret,Mathew,Female,mmathewh1@goo.ne.jp
2314087,Morten,Hodgon,Male,mhodgonh2@va.gov
2367336,Carmela,De Domenicis,Female,cdedomenicish3@miibeian.gov.cn
1576720,Yehudit,Messham,Male,ymesshamh4@spiegel.de
1082683,Creigh,Simakov,Male,csimakovh5@opensource.org
1267226,Fabian,Beak,Male,fbeakh6@lulu.com
930451,Rici,Cuffin,Female,rcuffinh7@yolasite.com
2241122,Fulvia,Huckster,Female,fhucksterh8@yellowpages.com
902900,Batsheva,Brunton,Female,bbruntonh9@amazon.co.uk
809698,Kimberli,Madgwick,Female,kmadgwickha@networkadvertising.org
1065938,Mireielle,Biddles,Female,mbiddleshb@homestead.com
2174768,Hoebart,Rousell,Male,hrousellhc@pinterest.com
2259960,Norby,Sudran,Male,nsudranhd@baidu.com
1513724,Karlik,Enrico,Male,kenricohe@stanford.edu
1240577,Selby,Roberti,Male,srobertihf@narod.ru
2322205,Annalise,Doudney,Female,adoudneyhg@patch.com
680647,Corena,Bryers,Female,cbryershh@redcross.org
1973466,Felice,McAlpin,Female,fmcalpinhi@state.tx.us
1392103,Romy,Cotherill,Female,rcotherillhj@sohu.com
1296287,Noelani,Timson,Female,ntimsonhk@independent.co.uk
1028984,Desirae,Ubsdale,Female,dubsdalehl@sun.com
404550,Buckie,Shory,Male,bshoryhm@usda.gov
2345811,Priscella,Drakers,Female,pdrakershn@google.fr
1562339,Bryn,Walthew,Male,bwalthewho@miibeian.gov.cn
1400660,Chrisse,Tamsett,Male,ctamsetthp@archive.org
1569739,Zack,Wetherill,Male,zwetherillhq@studiopress.com
363397,Zollie,Swindley,Male,zswindleyhr@1688.com
1054968,Hort,Tacker,Male,htackerhs@ftc.gov
1738583,Caryl,Dorkins,Male,cdorkinsht@wikispaces.com
1347179,Herve,Jell,Male,hjellhu@blog.com
305379,Arther,Couchman,Male,acouchmanhv@java.com
1959050,Aluino,Tattershall,Male,atattershallhw@bbc.co.uk
979553,Arther,Dabling,Male,adablinghx@hhs.gov
839427,Fonz,Rosendale,Male,frosendalehy@a8.net
1467106,Clarabelle,Pidgeley,Female,cpidgeleyhz@yale.edu
764214,Beth,Losano,Female,blosanoi0@foxnews.com
1940343,Jobina,Jerome,Female,jjeromei1@illinois.edu
1342579,Terence,Izzard,Male,tizzardi2@cloudflare.com
658900,Damian,McPolin,Male,dmcpolini3@google.nl
835278,Sheffie,Dundridge,Male,sdundridgei4@bizjournals.com
636766,Rudie,Stiles,Male,rstilesi5@vistaprint.com
1391615,Bertie,Catherick,Female,bcathericki6@webnode.com
1503779,Doll,MacIlhargy,Female,dmacilhargyi7@altervista.org
1980348,Clywd,Attwell,Male,cattwelli8@china.com.cn
1508082,Merla,Scohier,Female,mscohieri9@abc.net.au
559688,Gilbertine,Auletta,Female,gaulettaia@java.com
1890056,Charity,Kipling,Female,ckiplingib@mit.edu
1444633,Agathe,Mellon,Female,amellonic@shutterfly.com
1428149,Archibaldo,Goddman,Male,agoddmanid@nbcnews.com
2306045,Melanie,O'Spellissey,Female,mospellisseyie@msu.edu
880227,Bradford,Boath,Male,bboathif@army.mil
304324,Augustin,Mulheron,Male,amulheronig@nsw.gov.au
1499232,Birdie,Sirman,Female,bsirmanih@yahoo.com
2189950,Marthena,Laurand,Female,mlaurandii@smugmug.com
1494669,Huey,Schubbert,Male,hschubbertij@techcrunch.com
1614960,Ede,Creffeild,Female,ecreffeildik@zdnet.com
323944,Verile,Matsell,Female,vmatsellil@mapy.cz
1823610,Ivory,McLurg,Female,imclurgim@gov.uk
2198179,Stuart,Sydes,Male,ssydesin@howstuffworks.com
347566,Saunder,Aicheson,Male,saichesonio@paginegialle.it
918821,Daune,Jankovsky,Female,djankovskyip@sun.com
2117672,Padget,McQuillan,Male,pmcquillaniq@hp.com
1406072,Lyndsay,Arnault,Female,larnaultir@google.cn
948675,Osbourne,Wainer,Male,owaineris@smugmug.com
2284423,Jaimie,Ahrens,Female,jahrensit@slate.com
357773,Cortie,Orvis,Male,corvisiu@comsenz.com
795761,Nance,McLucky,Female,nmcluckyiv@wunderground.com
1912909,Gannie,Frank,Male,gfrankiw@oracle.com
2381639,Ginevra,Balfour,Female,gbalfourix@about.me
994280,Meyer,Poyzer,Male,mpoyzeriy@foxnews.com
1869930,Owen,Folk,Male,ofolkiz@dagondesign.com
424761,Adan,Lewsey,Female,alewseyj0@zdnet.com
2379979,Andi,Skunes,Female,askunesj1@digg.com
2264360,Raine,Sommerled,Female,rsommerledj2@sakura.ne.jp
495403,Jewelle,Zack,Female,jzackj3@rediff.com
1210727,Brocky,Newall,Male,bnewallj4@sitemeter.com
1976976,Delano,Creffeild,Male,dcreffeildj5@epa.gov
2042764,Heidi,Obbard,Female,hobbardj6@google.fr
337575,Granny,Franzonello,Male,gfranzonelloj7@unblog.fr
1821447,Shantee,Brien,Female,sbrienj8@drupal.org
770802,Maryjo,Pantecost,Female,mpantecostj9@time.com
1506619,Robbyn,Stainson,Female,rstainsonja@state.gov
918089,Nichol,Needs,Female,nneedsjb@facebook.com
523248,Rafe,Revely,Male,rrevelyjc@linkedin.com
785224,Janella,Couser,Female,jcouserjd@merriam-webster.com
398844,Alison,Barfoot,Female,abarfootje@cbslocal.com
376648,Teresita,Gustus,Female,tgustusjf@ca.gov
1332978,Emilia,McColgan,Female,emccolganjg@washingtonpost.com
1191720,Blanche,Bride,Female,bbridejh@sakura.ne.jp
954235,Maryjane,Dancer,Female,mdancerji@t.co
476431,Betti,Braunle,Female,bbraunlejj@paypal.com
2198879,Freedman,Colley,Male,fcolleyjk@constantcontact.com
431418,Hestia,Offner,Female,hoffnerjl@theglobeandmail.com
1139268,Ninette,Haveline,Female,nhavelinejm@google.co.uk
631262,El,Crooks,Male,ecrooksjn@ebay.com
1805433,Mathilde,Halfacree,Female,mhalfacreejo@cornell.edu
2040444,Angela,Vettore,Female,avettorejp@sogou.com
675185,Eadmund,Wrankmore,Male,ewrankmorejq@pagesperso-orange.fr
1133567,Cristabel,Fairham,Female,cfairhamjr@artisteer.com
1553319,Anthea,Pethick,Female,apethickjs@sun.com
1854467,Sara,Loins,Female,sloinsjt@constantcontact.com
1335166,Nicolette,Rennison,Female,nrennisonju@addtoany.com
635825,Tallie,Coots,Male,tcootsjv@washington.edu
501351,Trisha,Alcalde,Female,talcaldejw@cpanel.net
1834699,Krishna,Gunthorpe,Male,kgunthorpejx@smh.com.au
1870578,Zabrina,Bott,Female,zbottjy@google.com.br
1017349,Haydon,Trail,Male,htrailjz@nps.gov
1343424,Brose,Tuffrey,Male,btuffreyk0@zimbio.com
2249442,Ellene,Dudman,Female,edudmank1@skype.com
2020727,Belia,Cawthra,Female,bcawthrak2@photobucket.com
1502806,Lazare,Tuffield,Male,ltuffieldk3@marriott.com
1230929,Tadeo,Westgate,Male,twestgatek4@fastcompany.com
1198757,Carline,Fissenden,Female,cfissendenk5@buzzfeed.com
1560656,Creight,Novis,Male,cnovisk6@blogspot.com
550990,Millicent,Spoor,Female,mspoork7@spotify.com
759821,Ingemar,Heggie,Male,iheggiek8@sourceforge.net
1350231,Robbie,Bittleson,Male,rbittlesonk9@merriam-webster.com
2363635,Towny,Oakenfull,Male,toakenfullka@gmpg.org
1331455,Rey,Siddell,Male,rsiddellkb@reddit.com
1531758,Roda,Frie,Female,rfriekc@cargocollective.com
1812905,Ludwig,Paulich,Male,lpaulichkd@nature.com
2147223,Anatollo,Dowgill,Male,adowgillke@miitbeian.gov.cn
1758854,Kathryne,Ralfe,Female,kralfekf@usatoday.com
742558,Rosie,Pawson,Female,rpawsonkg@cpanel.net
1222796,Brady,Gass,Male,bgasskh@usnews.com
1298223,Hamlen,Venable,Male,hvenableki@buzzfeed.com
2297422,Waylen,Staggs,Male,wstaggskj@jigsy.com
955771,Lotte,O'Mannion,Female,lomannionkk@aol.com
619057,Kin,Caine,Male,kcainekl@angelfire.com
986730,Claude,Joseland,Female,cjoselandkm@unesco.org
2159033,Had,Dewsnap,Male,hdewsnapkn@seesaa.net
1704829,Rikki,Yezafovich,Male,ryezafovichko@reuters.com
1713441,Smith,Markie,Male,smarkiekp@istockphoto.com
2164714,Amelina,Quickfall,Female,aquickfallkq@nationalgeographic.com
2238467,Tremaine,Merring,Male,tmerringkr@newsvine.com
1776213,Ollie,Esterbrook,Male,oesterbrookks@jiathis.com
996298,Jermayne,Culpin,Male,jculpinkt@foxnews.com
2386683,Malory,Gligoraci,Female,mgligoraciku@intel.com
259757,Cassy,Calbreath,Female,ccalbreathkv@nyu.edu
2318015,Opal,Laguerre,Female,olaguerrekw@studiopress.com
2078999,Benson,Janoch,Male,bjanochkx@craigslist.org
1517217,Artus,Vondrak,Male,avondrakky@dailymotion.com
1111152,Talia,Braksper,Female,tbraksperkz@nba.com
1778524,Nanine,Kenworth,Female,nkenworthl0@house.gov
2045797,Porty,Threadgold,Male,pthreadgoldl1@economist.com
526834,Amandy,Runge,Female,arungel2@eventbrite.com
1802084,Clareta,Audsley,Female,caudsleyl3@netvibes.com
769209,Domeniga,Calladine,Female,dcalladinel4@cornell.edu
1082518,Donna,Iiannoni,Female,diiannonil5@irs.gov
2213891,Rahel,Torbard,Female,rtorbardl6@lycos.com
486668,Alvy,Oswald,Male,aoswaldl7@icio.us
294324,Allan,Tatum,Male,atatuml8@mapquest.com
1787553,Wadsworth,Lum,Male,wluml9@shareasale.com
2102116,Pepito,Burgoin,Male,pburgoinla@epa.gov
905423,Mair,Bolingbroke,Female,mbolingbrokelb@wp.com
1742021,Teodora,Starbucke,Female,tstarbuckelc@sohu.com
680356,Carroll,Cornes,Female,ccornesld@51.la
471763,Paige,Dewsbury,Male,pdewsburyle@mapy.cz
884258,Leonid,Dedam,Male,ldedamlf@ft.com
844541,Moria,Allanby,Female,mallanbylg@bloglines.com
1967497,Libbi,Delhay,Female,ldelhaylh@patch.com
510638,Annabell,Fleg,Female,aflegli@flickr.com
1745015,Bell,de Clerc,Female,bdeclerclj@lulu.com
1756801,Konstanze,Sleath,Female,ksleathlk@tuttocitta.it
1952844,Pall,Quartermaine,Male,pquartermainell@macromedia.com
1404453,Blondy,Woodyeare,Female,bwoodyearelm@mediafire.com
679857,Flossy,Stickings,Female,fstickingsln@t.co
447816,Ric,Catcherside,Male,rcatchersidelo@google.it
1733673,Tedmund,Bartalucci,Male,tbartaluccilp@digg.com
1651716,Falkner,Gandrich,Male,fgandrichlq@over-blog.com
322174,Stanton,Roskrug,Male,sroskruglr@list-manage.com
285765,Thaine,Propper,Male,tpropperls@bandcamp.com
2381801,Humfrid,Pifford,Male,hpiffordlt@fotki.com
593085,Hi,Chiommienti,Male,hchiommientilu@soundcloud.com
361504,Gal,MacRorie,Male,gmacrorielv@wikispaces.com
1363607,Myles,Scirman,Male,mscirmanlw@goo.gl
2054730,Ilsa,Fullwood,Female,ifullwoodlx@mozilla.com
1023992,Justis,Benedetti,Male,jbenedettily@ed.gov
1164972,Kimmie,Tomich,Female,ktomichlz@google.com.br
688753,Kennan,Babbidge,Male,kbabbidgem0@abc.net.au
989153,Donetta,Loughhead,Female,dloughheadm1@walmart.com
1856827,Adrian,Clackson,Male,aclacksonm2@deviantart.com
926735,Emmaline,Langstaff,Female,elangstaffm3@usgs.gov
355311,Margareta,Elderton,Female,meldertonm4@jugem.jp
1030782,Stacie,Canti,Female,scantim5@auda.org.au
1780457,Renelle,Payton,Female,rpaytonm6@wiley.com
2145941,Erroll,Blumer,Male,eblumerm7@tamu.edu
1713414,Pamella,Lunk,Female,plunkm8@webs.com
1709520,Faydra,Luipold,Female,fluipoldm9@unicef.org
1232173,Linea,Chipping,Female,lchippingma@si.edu
549753,Jelene,MacGilpatrick,Female,jmacgilpatrickmb@upenn.edu
1972990,Kerr,Shakelady,Male,kshakeladymc@nba.com
745547,Taylor,Tissington,Male,ttissingtonmd@vk.com
1893700,Helsa,Hallsworth,Female,hhallsworthme@census.gov
976348,Sula,Kasbye,Female,skasbyemf@gmpg.org
1419046,Paxton,Kennicott,Male,pkennicottmg@disqus.com
1059667,Bevon,Emmines,Male,bemminesmh@accuweather.com
844014,Thorvald,Barok,Male,tbarokmi@unc.edu
1283532,Klemens,Hubert,Male,khubertmj@si.edu
314109,Zared,Feighney,Male,zfeighneymk@qq.com
1427707,Tracey,Yesson,Female,tyessonml@posterous.com
2257881,Chaddie,Bertomieu,Male,cbertomieumm@discovery.com
1775421,Loren,Jenkyn,Female,ljenkynmn@oakley.com
1403966,Glendon,Woodison,Male,gwoodisonmo@over-blog.com
1671926,Melisande,Moscrop,Female,mmoscropmp@vk.com
1196921,Milly,Vicioso,Female,mviciosomq@hibu.com
1823515,Aldwin,Durning,Male,adurningmr@about.me
615018,Hernando,Briatt,Male,hbriattms@mapquest.com
1951819,Claudian,Wickardt,Male,cwickardtmt@amazon.com
1373874,Becki,Lamberti,Female,blambertimu@netscape.com
2328908,Wendi,Bennit,Female,wbennitmv@skyrock.com
1754768,Brandtr,Claxson,Male,bclaxsonmw@360.cn
1005564,Evin,Byrcher,Male,ebyrchermx@usda.gov
520808,Bartholemy,Speer,Male,bspeermy@mozilla.org
2410858,Lilith,McDunlevy,Female,lmcdunlevymz@amazon.com
806579,Tania,Lucien,Female,tlucienn0@arstechnica.com
619651,Rena,McCready,Female,rmccreadyn1@privacy.gov.au
685710,Levin,Ballingal,Male,lballingaln2@imdb.com
287359,Frederique,Alfonsini,Female,falfonsinin3@google.com
2072464,Teddie,Edy,Male,tedyn4@omniture.com
585728,Vivian,Dobrovsky,Female,vdobrovskyn5@wordpress.com
1792565,Jaye,Olanda,Male,jolandan6@hexun.com
386712,Corny,Lehrian,Male,clehriann7@sun.com
2035203,Brooke,Gollop,Male,bgollopn8@51.la
744155,Barclay,Kinge,Male,bkingen9@cdc.gov
864787,Abbie,Messager,Female,amessagerna@newsvine.com
364453,Vernice,Moller,Female,vmollernb@devhub.com
289683,Orbadiah,Molloy,Male,omolloync@nih.gov
458510,Alan,Lambarth,Male,alambarthnd@alibaba.com
1512020,Kent,Gane,Male,kganene@prweb.com
2053881,Gwenore,Giblett,Female,ggiblettnf@cnbc.com
1478587,Harlin,Wilacot,Male,hwilacotng@weather.com
742100,Georgie,Woolvin,Female,gwoolvinnh@wunderground.com
1131153,Tadio,Pietraszek,Male,tpietraszekni@ox.ac.uk
1158550,Stephani,Danilov,Female,sdanilovnj@aol.com
771992,Coleman,Maymond,Male,cmaymondnk@pagesperso-orange.fr
310650,Hedwig,Sofe,Female,hsofenl@livejournal.com
314344,Morlee,Brandts,Male,mbrandtsnm@go.com
1995593,Marijo,Shitliffe,Female,mshitliffenn@about.com
2426802,Doe,Izzard,Female,dizzardno@mashable.com
2126337,Minerva,Wondraschek,Female,mwondrascheknp@seattletimes.com
1816053,Giovanna,Bulmer,Female,gbulmernq@msu.edu
2024304,Cyrus,Bes,Male,cbesnr@sourceforge.net
1830365,Sydney,Gaynes,Male,sgaynesns@redcross.org
1089615,Evangeline,Huxley,Female,ehuxleynt@comsenz.com
379077,Kylie,Rosten,Male,krostennu@symantec.com
546266,Doria,Gerlts,Female,dgerltsnv@wikia.com
1428650,Sunny,Feetham,Female,sfeethamnw@tripadvisor.com
1472154,Cyrill,Lindblom,Male,clindblomnx@infoseek.co.jp
1368889,Logan,Shields,Male,lshieldsny@histats.com
1773072,Elsa,Emnoney,Female,eemnoneynz@opera.com
1373105,Kearney,Crookston,Male,kcrookstono0@sphinn.com
1595002,Evered,Aughtie,Male,eaughtieo1@msn.com
310842,Basil,Edgar,Male,bedgaro2@meetup.com
1967942,Mari,Markie,Female,mmarkieo3@a8.net
1651475,Leone,Kiendl,Female,lkiendlo4@wordpress.com
266490,Ermengarde,Bittlestone,Female,ebittlestoneo5@sourceforge.net
2315791,Mahalia,Synder,Female,msyndero6@answers.com
1874765,Missie,Pozer,Female,mpozero7@cdc.gov
2083262,Barr,Gaddes,Male,bgaddeso8@intel.com
821892,Denys,McFayden,Male,dmcfaydeno9@wp.com
887953,Jorey,Seal,Female,jsealoa@meetup.com
1946929,Kienan,Tomankowski,Male,ktomankowskiob@theguardian.com
1194024,Xerxes,Blundin,Male,xblundinoc@salon.com
1093325,Yolane,Atthow,Female,yatthowod@google.com.br
1787053,Marlo,Mullender,Female,mmullenderoe@addthis.com
1550519,Hedvig,Chaffen,Female,hchaffenof@ustream.tv
1812441,Loralyn,Lidgard,Female,llidgardog@nsw.gov.au
1469901,Terencio,Lethby,Male,tlethbyoh@businessweek.com
851243,Caralie,Morrell,Female,cmorrelloi@smh.com.au
1768222,Iris,Laxson,Female,ilaxsonoj@mediafire.com
1185558,Andrey,Ginnane,Male,aginnaneok@angelfire.com
914844,Virge,Abbay,Male,vabbayol@webnode.com
1288632,Zebulen,Winteringham,Male,zwinteringhamom@bloglovin.com
822481,Torrey,Panniers,Male,tpannierson@sbwire.com
1081370,Arnuad,Tillyer,Male,atillyeroo@altervista.org
1198521,Georgeanne,Waith,Female,gwaithop@joomla.org
635265,Laird,Grason,Male,lgrasonoq@imgur.com
352509,Cairistiona,Dodsley,Female,cdodsleyor@twitpic.com
2373833,Vassili,Facchini,Male,vfacchinios@mit.edu
1311647,Tiff,Blasio,Female,tblasioot@lycos.com
438840,Deny,McJerrow,Female,dmcjerrowou@opera.com
1133385,Brita,Judge,Female,bjudgeov@economist.com
1226251,Natal,Jirousek,Male,njirousekow@umn.edu
1332324,Carolan,Marler,Female,cmarlerox@amazon.co.uk
2391223,Kirsten,Ensor,Female,kensoroy@mapy.cz
615436,Fielding,Millwall,Male,fmillwalloz@issuu.com
2289186,Zachary,Maffezzoli,Male,zmaffezzolip0@discuz.net
299838,Claudie,Gaiford,Female,cgaifordp1@parallels.com
2162409,Maddi,Knath,Female,mknathp2@webmd.com
2351418,Conway,Keelin,Male,ckeelinp3@163.com
984374,Goldia,Wharin,Female,gwharinp4@list-manage.com
748244,Zacharie,Masson,Male,zmassonp5@time.com
1248505,Kaitlin,Gatherer,Female,kgathererp6@e-recht24.de
690607,Tamra,Tomley,Female,ttomleyp7@storify.com
320159,Hebert,Busher,Male,hbusherp8@ted.com
254495,Janet,Riggott,Female,jriggottp9@china.com.cn
999595,Elihu,Fenkel,Male,efenkelpa@qq.com
1373815,Lianna,Hexum,Female,lhexumpb@live.com
2411065,Brander,Appleton,Male,bappletonpc@china.com.cn
1217216,Anny,Blackler,Female,ablacklerpd@aol.com
1531617,Woodie,Danet,Male,wdanetpe@google.ca
2159633,Demetra,MacPhaden,Female,dmacphadenpf@jugem.jp
2271961,Graig,Haeslier,Male,ghaeslierpg@odnoklassniki.ru
1351690,Melli,Barthrup,Female,mbarthrupph@youku.com
510244,Dorree,Mackro,Female,dmackropi@comsenz.com
921377,Hiram,Coushe,Male,hcoushepj@census.gov
963309,Jinny,Spooner,Female,jspoonerpk@boston.com
1122862,Cybil,Moorcraft,Female,cmoorcraftpl@google.cn
420045,Chlo,Spinley,Female,cspinleypm@godaddy.com
499139,Loy,Leftbridge,Male,lleftbridgepn@ed.gov
1824890,King,Abramski,Male,kabramskipo@bravesites.com
529209,Ansell,Patterfield,Male,apatterfieldpp@dot.gov
2090895,Corrina,Eddins,Female,ceddinspq@posterous.com
1578097,Darnall,Bergeon,Male,dbergeonpr@youku.com
2183182,Leanna,Fender,Female,lfenderps@reverbnation.com
1563640,Ludwig,Bernini,Male,lberninipt@admin.ch
2146132,Buck,Hollington,Male,bhollingtonpu@stumbleupon.com
722527,Enrichetta,Kinsley,Female,ekinsleypv@amazon.de
1152435,Herve,Marchello,Male,hmarchellopw@cbslocal.com
1593549,Nancy,Berdale,Female,nberdalepx@hao123.com
2235964,Orrin,Jancar,Male,ojancarpy@studiopress.com
2273122,Gaby,De Cruze,Male,gdecruzepz@shareasale.com
1884209,Debi,Meneur,Female,dmeneurq0@dropbox.com
1274806,Welsh,Folley,Male,wfolleyq1@wp.com
1365189,Donna,de Zamora,Female,ddezamoraq2@about.me
2372559,Francois,Berthelet,Male,fbertheletq3@cnbc.com
630958,Ethelind,Diggar,Female,ediggarq4@sohu.com
370079,Fredrick,Hanhard,Male,fhanhardq5@1688.com
2244254,Catherine,Tembridge,Female,ctembridgeq6@exblog.jp
1530023,Cissy,Tweddle,Female,ctweddleq7@dot.gov
1497762,Luciana,Bugbee,Female,lbugbeeq8@vinaora.com
385767,Elsy,Sellner,Female,esellnerq9@ow.ly
526415,Chan,Troillet,Male,ctroilletqa@businessweek.com
815417,Tildy,Bettanay,Female,tbettanayqb@bloglines.com
1904672,Ryley,Greene,Male,rgreeneqc@lulu.com
558538,Cal,Curzon,Male,ccurzonqd@list-manage.com
977740,Jacquelin,Gouldstraw,Female,jgouldstrawqe@whitehouse.gov
2073320,Vivyanne,Wray,Female,vwrayqf@hostgator.com
665323,Vin,Gennrich,Male,vgennrichqg@fotki.com
2236744,Seana,Verner,Female,svernerqh@wired.com
2356904,Putnam,Mackelworth,Male,pmackelworthqi@ezinearticles.com
286747,Claire,Parriss,Male,cparrissqj@domainmarket.com
2405691,Cilka,Poundsford,Female,cpoundsfordqk@live.com
1777806,Manfred,McNickle,Male,mmcnickleql@wired.com
1741923,Liva,Commucci,Female,lcommucciqm@weibo.com
2315326,Welsh,Hasser,Male,whasserqn@washingtonpost.com
693050,Baldwin,Rothermel,Male,brothermelqo@pbs.org
663094,Dagmar,Wildash,Female,dwildashqp@geocities.com
672972,Terrie,Farrance,Female,tfarranceqq@examiner.com
1069300,Mildred,Brazelton,Female,mbrazeltonqr@paypal.com
1218304,Marie-jeanne,Asken,Female,maskenqs@hubpages.com
2304421,Garvey,Peedell,Male,gpeedellqt@rakuten.co.jp
2155002,Thaxter,Sinkings,Male,tsinkingsqu@e-recht24.de
283391,Cheslie,Vassano,Female,cvassanoqv@storify.com
2139456,Nataline,Panketh,Female,npankethqw@com.com
398024,Chance,Lathey,Male,clatheyqx@amazon.co.uk
727539,Elnar,Footitt,Male,efootittqy@census.gov
2112299,Netti,Caldow,Female,ncaldowqz@scientificamerican.com
1282746,Eldredge,Allchorn,Male,eallchornr0@ehow.com
1863649,Andres,Howard,Male,ahowardr1@weebly.com
1510275,Bernice,Perren,Female,bperrenr2@ibm.com
1152672,Ferguson,Sunshine,Male,fsunshiner3@pbs.org
586117,Otho,Ovesen,Male,oovesenr4@adobe.com
506147,Kristo,Hundey,Male,khundeyr5@earthlink.net
1581460,Windham,Elen,Male,welenr6@ihg.com
1665940,Jeffry,Yarker,Male,jyarkerr7@yandex.ru
1064182,Brantley,Baudouin,Male,bbaudouinr8@about.com
1978625,Lonnie,Saggs,Male,lsaggsr9@howstuffworks.com
2346881,Allen,MacGinney,Male,amacginneyra@youtu.be
2250634,Agna,Baptiste,Female,abaptisterb@springer.com
886528,Shannah,Ambrogini,Female,sambroginirc@taobao.com
1820068,Kitti,Serfati,Female,kserfatird@hao123.com
742821,Nichols,Summersby,Male,nsummersbyre@dedecms.com
1724287,Bertrando,Chastenet,Male,bchastenetrf@istockphoto.com
714634,Mariya,Karolovsky,Female,mkarolovskyrg@tiny.cc
522928,Bernarr,Hulance,Male,bhulancerh@mit.edu
1909150,Jarid,Potteridge,Male,jpotteridgeri@privacy.gov.au
1838581,Timofei,Stangroom,Male,tstangroomrj@dmoz.org
1886469,Gwyneth,Dundendale,Female,gdundendalerk@edublogs.org
1888539,Aviva,Asquith,Female,aasquithrl@upenn.edu
1475590,Yehudi,Bratch,Male,ybratchrm@craigslist.org
276669,Mendy,Grzesiak,Male,mgrzesiakrn@smh.com.au
1121333,Ebonee,Sillitoe,Female,esillitoero@chicagotribune.com
1834299,Victor,Lestrange,Male,vlestrangerp@cmu.edu
1120386,Gisella,Springtorp,Female,gspringtorprq@1688.com
612782,Innis,Bentinck,Male,ibentinckrr@printfriendly.com
